"Epic","Feature","Story","FAILED","BROKEN","PASSED","SKIPPED","UNKNOWN"
"","test google search outline","search ""CMC"" in google","0","2","0","0","0"
"","Demo API","test post api","0","0","1","0","0"
"","Demo QA site","Radio ""Yes"" Button","0","1","0","0","0"
"","Demo API","test get api","0","0","1","0","0"
"","test google search outline","search ""fsoft"" in google","0","2","0","0","0"
"","test google search outline","search ""review cong ty"" in google","0","2","0","0","0"
"","test google search","search youtube in google","0","1","0","0","0"
"","test google search","search facebook in google","0","1","0","0","0"
"","Demo QA site","Radio ""Impressive"" Button","0","1","0","0","0"
